Name,Level,Keywords
Linux,9,OpenSource Unix 
MySQL,4, SQL 
Apache, 9, WebDevelopment Infrastructure
JavaScript, 6, WebDevelopment
PHP, 6 , WebDevelopment
jQuery, 4, WebDevelopment
WebDevelopment, 7, JavaScript Apache
Windows Server, 3, Infrastructure
Networking, 7, Cisco Infrastructure
Microsoft SQL Server
XML
Software Development
Windows
Network Administration
Perl
Python
System Administration
Ubuntu
Servers
Web Services
Microsoft Exchange
Microsoft Certified Professional
Ruby on Rails
Scripting
Network+
SQL
Microsoft Office
VMware
Java
Cisco Technologies
APIs
Programming
Front-end
Subversion
XHTML
WordPress
Social Media
Active Directory
Troubleshooting
A+ Certified
Databases
HTML
CentOs
Mac OS X
vMW
VMware vSphere
VMWare
VMware ESX
VMware vCenter
Red Hat Enterprise Linux (RHEL)
